{
  "model_type": "CNN+SVM",
  "dataset": "MNIST",
  "test_accuracy": 0.9925,
  "total_test_samples": 10000,
  "misclassified_samples": 75,
  "classification_report": {
    "0": {
      "precision": 0.9938900203665988,
      "recall": 0.9959183673469387,
      "f1-score": 0.9949031600407747,
      "support": 980.0
    },
    "1": {
      "precision": 0.9955985915492958,
      "recall": 0.9964757709251101,
      "f1-score": 0.9960369881109643,
      "support": 1135.0
    },
    "2": {
      "precision": 0.989351403678606,
      "recall": 0.9903100775193798,
      "f1-score": 0.9898305084745763,
      "support": 1032.0
    },
    "3": {
      "precision": 0.9930761622156281,
      "recall": 0.994059405940594,
      "f1-score": 0.9935675408213755,
      "support": 1010.0
    },
    "4": {
      "precision": 0.9928861788617886,
      "recall": 0.994908350305499,
      "f1-score": 0.9938962360122076,
      "support": 982.0
    },
    "5": {
      "precision": 0.98989898989899,
      "recall": 0.9887892376681614,
      "f1-score": 0.9893438025799215,
      "support": 892.0
    },
    "6": {
      "precision": 0.9957850368809273,
      "recall": 0.9864300626304802,
      "f1-score": 0.9910854745673833,
      "support": 958.0
    },
    "7": {
      "precision": 0.9903006789524733,
      "recall": 0.9931906614785992,
      "f1-score": 0.9917435648372996,
      "support": 1028.0
    },
    "8": {
      "precision": 0.9917864476386037,
      "recall": 0.9917864476386037,
      "f1-score": 0.9917864476386037,
      "support": 974.0
    },
    "9": {
      "precision": 0.9920713577799801,
      "recall": 0.9920713577799801,
      "f1-score": 0.9920713577799801,
      "support": 1009.0
    },
    "accuracy": 0.9925,
    "macro avg": {
      "precision": 0.9924644867822892,
      "recall": 0.9923939739233347,
      "f1-score": 0.9924265080863087,
      "support": 10000.0
    },
    "weighted avg": {
      "precision": 0.992502948372907,
      "recall": 0.9925,
      "f1-score": 0.992498842427483,
      "support": 10000.0
    }
  },
  "confusion_matrix": [
    [
      976,
      0,
      1,
      0,
      0,
      0,
      1,
      1,
      1,
      0
    ],
    [
      0,
      1131,
      0,
      0,
      1,
      0,
      1,
      1,
      1,
      0
    ],
    [
      1,
      1,
      1022,
      1,
      1,
      1,
      0,
      4,
      1,
      0
    ],
    [
      0,
      0,
      2,
      1004,
      0,
      2,
      0,
      1,
      1,
      0
    ],
    [
      0,
      0,
      0,
      0,
      977,
      0,
      1,
      1,
      0,
      3
    ],
    [
      1,
      0,
      0,
      6,
      0,
      882,
      1,
      0,
      1,
      1
    ],
    [
      2,
      2,
      2,
      0,
      2,
      3,
      945,
      0,
      2,
      0
    ],
    [
      0,
      1,
      3,
      0,
      0,
      0,
      0,
      1021,
      0,
      3
    ],
    [
      2,
      0,
      3,
      0,
      0,
      1,
      0,
      1,
      966,
      1
    ],
    [
      0,
      1,
      0,
      0,
      3,
      2,
      0,
      1,
      1,
      1001
    ]
  ],
  "roc_auc_scores": {
    "0": 0.999805081677904,
    "1": 0.9999736626986789,
    "2": 0.9998678548707203,
    "3": 0.9995144219649996,
    "4": 0.9999553958387818,
    "5": 0.9996559718849639,
    "6": 0.9995757446460707,
    "7": 0.9995784550638303,
    "8": 0.9997637443461302,
    "9": 0.9993715772814991,
    "micro": 0.9996479611111112,
    "macro": 0.9997211953253646
  },
  "misclassified_indices": [
    445,
    448,
    582,
    583,
    625,
    659,
    947,
    1014,
    1039,
    1112,
    1232,
    1242,
    1260,
    1299,
    1319,
    1393,
    1459,
    1522,
    1709,
    1737
  ]
}